Story;Output Case;P;M2;M3
Story08;CL;-86,3634;-234,2262;-194,9475
Story08;CL;-86,3634;7,2726;-118,3941
Story07;CL;-176,7654;-216,8859;-328,3263
Story07;CL;-176,7654;-21,876;-247,5588
Story06;CL;-267,0858;-244,9845;-448,8066
Story06;CL;-267,0858;-41,8431;-368,5119
Story05;CL;-357,5721;-263,0139;-560,1669
Story05;CL;-357,5721;-39,4386;-474,9741
Story04;CL;-448,4025;-297,5031;-617,5074
Story04;CL;-448,4025;-36,1575;-521,532
Story03;CL;-539,8068;-210,2202;-725,3298
Story03;CL;-539,8068;122,5587;-610,5
Story02;CL;-634,0935;-83,0778;-766,0914
Story02;CL;-634,0935;474,4188;-655,5249
Story01;CL;-807,9801;154,7775;-1306,299
Story01;CL;-807,9801;2032,5222;-1258,0311
Story08;Dead;-5326,2762;10411,593;62,1996
Story08;Dead;-10267,2063;-987,7878;-1960,077
Story07;Dead;-14032,1853;9819,1977;-2206,41
Story07;Dead;-18973,1154;832,8414;-3960,1812
Story06;Dead;-22663,5129;11359,0704;-3991,5276
Story06;Dead;-27604,443;3260,3994;-5677,0251
Story05;Dead;-31190,5554;13391,5101;-5435,6085
Story05;Dead;-36131,4855;6354,1005;-7088,4951
Story04;Dead;-39586,9128;12548,4687;-3198,7962
Story04;Dead;-44704,3455;6683,3568;-5293,1553
Story03;Dead;-47939,3136;19496,6004;-7740,246
Story03;Dead;-52880,2437;15951,6378;-9153,7548
Story02;Dead;-55774,5822;23551,8783;-6477,4533
Story02;Dead;-60715,5123;20750,7816;-8150,2377
Story01;Dead;-66910,5243;37367,6787;-6999,3387
Story01;Dead;-73395,495;69903,393;-14331,4737
Story08;Live;-2151,6885;4208,22;-2,0079
Story08;Live;-2151,6885;-375,1341;-438,7317
Story07;Live;-3685,9191;3999,7665;-591,8037
Story07;Live;-3685,9191;396,1146;-969,6852
Story06;Live;-5190,0765;4659,2637;-1036,3965
Story06;Live;-5190,0765;1372,3827;-1389,8985
Story05;Live;-6652,7346;5478,2034;-1350,2112
Story05;Live;-6652,7346;2543,2632;-1668,7887
Story04;Live;-8062,8282;5759,2386;-820,2975
Story04;Live;-8062,8282;3148,2219;-1172,3481
Story03;Live;-9383,6268;7458,5106;-1380,4353
Story03;Live;-9383,6268;5413,1397;-1634,1936
Story02;Live;-10566,9324;8496,1719;-609,6087
Story02;Live;-10566,9324;5664,8208;-938,889
Story01;Live;-12709,1571;11683,5606;-1240,5249
Story01;Live;-12709,1571;14599,1973;-2814,8115
Story08;SDL;-1793,0736;3506,85;-1,6731
Story08;SDL;-1793,0736;-312,6117;-365,6097
Story07;SDL;-3071,5992;3333,1389;-493,1697
Story07;SDL;-3071,5992;330,0954;-808,071
Story06;SDL;-4325,064;3882,7197;-863,6637
Story06;SDL;-4325,064;1143,6522;-1158,2487
Story05;SDL;-5543,9454;4565,1696;-1125,1761
Story05;SDL;-5543,9454;2119,386;-1390,6572
Story04;SDL;-6719,0235;4799,3655;-683,5815
Story04;SDL;-6719,0235;2623,5183;-976,9566
Story03;SDL;-7819,689;6215,4255;-1150,3626
Story03;SDL;-7819,689;4510,9497;-1361,8281
Story02;SDL;-8805,777;7080,1431;-508,0071
Story02;SDL;-8805,777;4720,6839;-782,4075
Story01;SDL;-10590,9642;9736,3005;-1033,7709
Story01;SDL;-10590,9642;12165,9978;-2345,6763
Story08;SLS_1;-7741,1874;14961,4131;-43,38
Story08;SLS_1;-12682,1172;-1292,649;-2117,9241
Story08;SLS_1;-7848,9048;13807,8834;-561,9264
Story08;SLS_1;-12789,8349;-2498,0376;-3570,735
Story07;SLS_1;-18152,3856;14269,1745;-3230,9217
Story07;SLS_1;-23093,3157;1661,2239;-3602,8293
Story07;SLS_1;-18384,8079;11856,555;-4014,4641
Story07;SLS_1;-23325,738;1409,1666;-6746,1924
Story06;SLS_1;-28450,8459;16569,5628;-4406,1636
Story06;SLS_1;-33391,776;9156,9336;-3765,8361
Story06;SLS_1;-28813,4127;15596,568;-6839,7615
Story06;SLS_1;-33754,3428;4870,0983;-9225,9975
Story05;SLS_1;-38592,6717;22504,6296;-4181,5776
Story05;SLS_1;-43533,6018;19904,6763;-2551,8594
Story05;SLS_1;-39092,7516;19464,7581;-8872,4787
Story05;SLS_1;-44033,6817;9165,4356;-11003,6967
Story04;SLS_1;-48536,4549;28295,7114;1637,4423
Story04;SLS_1;-53653,8873;29408,4729;3871,1835
Story04;SLS_1;-49183,7868;18781,6056;-6030,6435
Story04;SLS_1;-54301,2192;9980,6175;-8803,377
Story03;SLS_1;-58330,1076;45624,5796;445,3434
Story03;SLS_1;-63271,0377;51558,8133;3966,8604
Story03;SLS_1;-59133,0291;27549,6546;-11259,4683
Story03;SLS_1;-64073,9592;21706,8558;-12804,4329
Story02;SLS_1;-67448,6679;61205,3127;7072,467
Story02;SLS_1;-72389,598;66875,3382;11186,652
Story02;SLS_1;-68416,617;32650,9863;-8663,2017
Story02;SLS_1;-73357,5468;26939,934;-10505,9796
Story01;SLS_1;-80007,5487;77172,0876;5144,7585
Story01;SLS_1;-86492,5194;129250,4172;5910,5133
Story01;SLS_1;-82187,1171;50454,9279;-8945,9391
Story01;SLS_1;-88672,0878;87816,0762;-18837,2244
Story08;SLS_2;-7853,5353;16085,4822;291,8799
Story08;SLS_2;-12794,4651;-313,2972;-1580,6661
Story08;SLS_2;-7961,2527;14931,9525;-226,6668
Story08;SLS_2;-12902,1825;-1518,6855;-3033,477
Story07;SLS_2;-18387,8436;16414,2066;-2396,4303
Story07;SLS_2;-23328,7737;1110,6237;-3867,2403
Story07;SLS_2;-18620,2659;14001,5868;-3179,9727
Story07;SLS_2;-23561,1957;858,5664;-7010,6037
Story06;SLS_2;-28811,9589;17192,6013;-4390,0725
Story06;SLS_2;-33752,8887;4677,7482;-6015,5133
Story06;SLS_2;-29174,5257;16219,6065;-6823,6701
Story06;SLS_2;-34115,4558;390,9132;-11475,675
Story05;SLS_2;-39083,0352;19209,4956;-6179,5512
Story05;SLS_2;-44023,9653;9228,618;-7905,8286
Story05;SLS_2;-39583,1151;16169,6244;-10870,452
Story05;SLS_2;-44524,0452;-1510,6227;-16357,6659
Story04;SLS_2;-49162,5876;18774,5997;-3461,3052
Story04;SLS_2;-54280,02;10449,7506;-5483,3199
Story04;SLS_2;-49809,9195;9260,4939;-11129,391
Story04;SLS_2;-54927,3519;-8978,1048;-18157,8801
Story03;SLS_2;-59094,7662;27929,0631;-8800,6698
Story03;SLS_2;-64035,696;22711,3203;-10428,2493
Story03;SLS_2;-59897,6877;9854,1381;-20505,4818
Story03;SLS_2;-64838,6178;-7140,6372;-27199,5426
Story02;SLS_2;-68352,4476;33544,6041;-7205,6667
Story02;SLS_2;-73293,3777;28350,7269;-9233,6937
Story02;SLS_2;-69320,3964;4990,2777;-22941,3351
Story02;SLS_2;-74261,3265;-11584,6776;-30926,3253
Story01;SLS_2;-82057,3149;51072,7218;-10477,1934
Story01;SLS_2;-88542,2856;89147,268;-18722,0244
Story01;SLS_2;-84236,8833;24355,5624;-24567,891
Story01;SLS_2;-90721,854;47712,927;-43469,7624
Story08;SLS_3;-7741,1874;14961,4131;-43,38
Story08;SLS_3;-12682,1172;-1292,649;-2117,9241
Story08;SLS_3;-7848,9048;13807,8834;-561,9264
Story08;SLS_3;-12789,8349;-2498,0376;-3570,735
Story07;SLS_3;-18152,3856;14269,1745;-3230,9217
Story07;SLS_3;-23093,3157;1661,2239;-3602,8293
Story07;SLS_3;-18384,8079;11856,555;-4014,4641
Story07;SLS_3;-23325,738;1409,1666;-6746,1924
Story06;SLS_3;-28450,8459;16569,5628;-4406,1636
Story06;SLS_3;-33391,776;9156,9336;-3765,8361
Story06;SLS_3;-28813,4127;15596,568;-6839,7615
Story06;SLS_3;-33754,3428;4870,0983;-9225,9975
Story05;SLS_3;-38592,6717;22504,6296;-4181,5776
Story05;SLS_3;-43533,6018;19904,6763;-2551,8594
Story05;SLS_3;-39092,7516;19464,7581;-8872,4787
Story05;SLS_3;-44033,6817;9165,4356;-11003,6967
Story04;SLS_3;-48536,4549;28295,7114;1637,4423
Story04;SLS_3;-53653,8873;29408,4729;3871,1835
Story04;SLS_3;-49183,7868;18781,6056;-6030,6435
Story04;SLS_3;-54301,2192;9980,6175;-8803,377
Story03;SLS_3;-58330,1076;45624,5796;445,3434
Story03;SLS_3;-63271,0377;51558,8133;3966,8604
Story03;SLS_3;-59133,0291;27549,6546;-11259,4683
Story03;SLS_3;-64073,9592;21706,8558;-12804,4329
Story02;SLS_3;-67448,6679;61205,3127;7072,467
Story02;SLS_3;-72389,598;66875,3382;11186,652
Story02;SLS_3;-68416,617;32650,9863;-8663,2017
Story02;SLS_3;-73357,5468;26939,934;-10505,9796
Story01;SLS_3;-80007,5487;77172,0876;5144,7585
Story01;SLS_3;-86492,5194;129250,4172;5910,5133
Story01;SLS_3;-82187,1171;50454,9279;-8945,9391
Story01;SLS_3;-88672,0878;87816,0762;-18837,2244
Story08;SLS_4;-7853,5353;16085,4822;291,8799
Story08;SLS_4;-12794,4651;-313,2972;-1580,6661
Story08;SLS_4;-7961,2527;14931,9525;-226,6668
Story08;SLS_4;-12902,1825;-1518,6855;-3033,477
Story07;SLS_4;-18387,8436;16414,2066;-2396,4303
Story07;SLS_4;-23328,7737;1110,6237;-3867,2403
Story07;SLS_4;-18620,2659;14001,5868;-3179,9727
Story07;SLS_4;-23561,1957;858,5664;-7010,6037
Story06;SLS_4;-28811,9589;17192,6013;-4390,0725
Story06;SLS_4;-33752,8887;4677,7482;-6015,5133
Story06;SLS_4;-29174,5257;16219,6065;-6823,6701
Story06;SLS_4;-34115,4558;390,9132;-11475,675
Story05;SLS_4;-39083,0352;19209,4956;-6179,5512
Story05;SLS_4;-44023,9653;9228,618;-7905,8286
Story05;SLS_4;-39583,1151;16169,6244;-10870,452
Story05;SLS_4;-44524,0452;-1510,6227;-16357,6659
Story04;SLS_4;-49162,5876;18774,5997;-3461,3052
Story04;SLS_4;-54280,02;10449,7506;-5483,3199
Story04;SLS_4;-49809,9195;9260,4939;-11129,391
Story04;SLS_4;-54927,3519;-8978,1048;-18157,8801
Story03;SLS_4;-59094,7662;27929,0631;-8800,6698
Story03;SLS_4;-64035,696;22711,3203;-10428,2493
Story03;SLS_4;-59897,6877;9854,1381;-20505,4818
Story03;SLS_4;-64838,6178;-7140,6372;-27199,5426
Story02;SLS_4;-68352,4476;33544,6041;-7205,6667
Story02;SLS_4;-73293,3777;28350,7269;-9233,6937
Story02;SLS_4;-69320,3964;4990,2777;-22941,3351
Story02;SLS_4;-74261,3265;-11584,6776;-30926,3253
Story01;SLS_4;-82057,3149;51072,7218;-10477,1934
Story01;SLS_4;-88542,2856;89147,268;-18722,0244
Story01;SLS_4;-84236,8833;24355,5624;-24567,891
Story01;SLS_4;-90721,854;47712,927;-43469,7624
Story08;UDConS1;-9727,713;18473,6925;-181,4685
Story08;UDConS1;-16397,9688;-1745,7216;-3299,5095
Story07;UDConS1;-23328,7425;17462,8584;-4087,6731
Story07;UDConS1;-29998,998;1540,4322;-6771,3447
Story06;UDConS1;-36795,1449;20245,6875;-7160,3973
Story06;UDConS1;-43465,4004;5888,9814;-9725,1111
Story05;UDConS1;-50074,2987;23886,4491;-9613,2843
Story05;UDConS1;-56744,5542;11385,9645;-12088,0704
Story04;UDConS1;-63118,3575;23017,9467;-6074,8449
Story04;UDConS1;-70026,8913;12515,4687;-9168,7194
Story03;UDConS1;-76003,3929;34427,4378;-12981,5172
Story03;UDConS1;-82673,6484;27789,9471;-15020,2119
Story02;UDConS1;-88039,5108;41241,0738;-10464,5946
Story02;UDConS1;-94709,7666;35026,9437;-12944,0295
Story01;UDConS1;-105717,783;63799,3215;-12608,2017
Story01;UDConS1;-114472,4934;113537,5824;-24212,4945
Story08;UDConS10;-11990,4588;24600,5229;456,7782
Story08;UDConS10;-18660,7143;-501,057;-2267,6262
Story08;UDConS10;-12152,0349;22870,2285;-321,0417
Story08;UDConS10;-18822,2904;-2309,1399;-4446,8424
Story07;UDConS10;-27201,2343;25080,852;-3495,5418
Story07;UDConS10;-33871,4898;1732,4451;-5630,3001
Story07;UDConS10;-27549,8676;21461,9226;-4670,8551
Story07;UDConS10;-34220,1231;1354,359;-10345,3452
Story06;UDConS10;-42243,6348;26334,9396;-6411,3468
Story06;UDConS10;-48913,8903;7185,7209;-8776,6413
Story06;UDConS10;-42787,485;24875,4471;-10061,7435
Story06;UDConS10;-49457,7405;755,4681;-16966,884
Story05;UDConS10;-57052,3827;29447,1156;-9011,3106
Story05;UDConS10;-63722,6382;14103,7779;-11516,8971
Story05;UDConS10;-57802,5027;24887,3088;-16047,6621
Story05;UDConS10;-64472,7582;-2005,0833;-24194,6532
Story04;UDConS10;-71568,4275;29059,8927;-5009,1537
Story04;UDConS10;-78476,9613;16172,9514;-7909,6419
Story04;UDConS10;-72539,4252;14788,7343;-16511,2824
Story04;UDConS10;-79447,959;-12968,8314;-26921,4825
Story03;UDConS10;-85827,5037;42543,4302;-12586,8753
Story03;UDConS10;-92497,7592;34227,0921;-14953,9776
Story03;UDConS10;-87031,8861;15431,0427;-30144,093
Story03;UDConS10;-93702,1416;-10550,844;-40110,9177
Story02;UDConS10;-99086,6628;50832,2679;-10011,5325
Story02;UDConS10;-105756,9183;42033,0999;-12975,6486
Story02;UDConS10;-100538,5863;8000,778;-33615,0351
Story02;UDConS10;-107208,8418;-17870,0064;-45514,596
Story01;UDConS10;-118965,0462;76530,4056;-15059,1936
Story01;UDConS10;-127719,7566;129865,1334;-27081,6465
Story01;UDConS10;-122234,3988;36454,6662;-36195,24
Story01;UDConS10;-130989,1092;67713,6219;-64203,2532
Story08;UDConS11;-9562,6641;18495,7881;-44,0034
Story08;UDConS11;-16232,9196;-1576,1943;-2612,8446
Story08;UDConS11;-9724,2402;16765,4934;-821,823
Story08;UDConS11;-16394,496;-3384,2772;-4792,0608
Story07;UDConS11;-22977,8325;17663,5494;-4125,885
Story07;UDConS11;-29648,088;2142,4251;-4215,5139
Story07;UDConS11;-23326,4658;14044,6197;-5301,1983
Story07;UDConS11;-29996,7213;1764,3393;-8930,5587
Story06;UDConS11;-36252,3849;20508,1548;-5347,2675
Story06;UDConS11;-42922,6404;12463,4967;-3942,7317
Story06;UDConS11;-36796,2351;19048,6626;-8997,6639
Story06;UDConS11;-43466,4909;6033,2439;-12132,9741
Story05;UDConS11;-49331,466;28637,7027;-4596,6285
Story05;UDConS11;-56001,7215;27447,4389;-1733,7153
Story05;UDConS11;-50081,586;24077,8959;-11632,98
Story05;UDConS11;-56751,8415;11338,5777;-14411,4714
Story04;UDConS11;-62163,2592;37294,3599;3500,28
Story04;UDConS11;-69071,7927;41305,4016;7353,0783
Story04;UDConS11;-63134,2569;23023,2012;-8001,8487
Story04;UDConS11;-70042,7907;12163,6188;-11658,7623
Story03;UDConS11;-74827,7079;61255,2687;2731,602
Story03;UDConS11;-81497,9634;71814,5352;8354,5905
Story03;UDConS11;-76032,0903;34142,8815;-14825,616
Story03;UDConS11;-82702,3458;27036,5991;-16802,3496
Story02;UDConS11;-86635,7145;83402,3505;12045,7569
Story02;UDConS11;-93305,97;93871,9557;18640,7037
Story02;UDConS11;-88087,638;40570,8606;-11557,746
Story02;UDConS11;-94757,8935;33968,8491;-13898,2437
Story01;UDConS11;-102545,7819;103411,7154;9676,2852
Story01;UDConS11;-111300,4923;174690,7002;12822,7125
Story01;UDConS11;-105815,1345;63335,976;-11459,7612
Story01;UDConS11;-114569,8449;112539,1887;-24298,8945
Story08;UDConS12;-9731,1858;20181,8919;458,8863
Story08;UDConS12;-16401,4416;-107,1663;-1806,9579
Story08;UDConS12;-9892,7622;18451,5972;-318,9333
Story08;UDConS12;-16563,0177;-1915,2489;-3986,1741
Story07;UDConS12;-23331,0192;20881,0971;-2874,1479
Story07;UDConS12;-30001,275;1316,5251;-4612,1304
Story07;UDConS12;-23679,6525;17262,1677;-4049,4612
Story07;UDConS12;-30349,9083;938,439;-9327,1755
Story06;UDConS12;-36794,0544;21442,7124;-5323,1304
Story06;UDConS12;-43464,3099;5744,7189;-7317,2478
Story06;UDConS12;-37337,9046;19983,2202;-8973,5271
Story06;UDConS12;-44008,1601;-685,5336;-15507,4905
Story05;UDConS12;-50067,0114;23695,002;-7593,5889
Story05;UDConS12;-56737,2669;11433,3516;-9764,6691
Story05;UDConS12;-50817,1314;19135,1952;-14629,9404
Story05;UDConS12;-57487,3869;-4675,5099;-22442,4252
Story04;UDConS12;-63102,4581;23012,6925;-4147,8411
Story04;UDConS12;-70010,9919;12867,3186;-6678,6765
Story04;UDConS12;-64073,4558;8741,5338;-15649,9698
Story04;UDConS12;-70981,9896;-16274,4645;-25690,5171
Story03;UDConS12;-75974,6955;34711,9941;-11137,4181
Story03;UDConS12;-82644,951;28543,2954;-13238,0742
Story03;UDConS12;-77179,0782;7599,6066;-28694,6361
Story03;UDConS12;-83849,3337;-16234,6407;-38395,0143
Story02;UDConS12;-87991,3839;41911,2873;-9371,4435
Story02;UDConS12;-94661,6394;36085,0383;-11989,815
Story02;UDConS12;-89443,3074;-920,2026;-32974,9461
Story02;UDConS12;-96113,5629;-23818,0683;-44528,7624
Story01;UDConS12;-105620,4312;64262,667;-13756,6425
Story01;UDConS12;-114375,1416;114535,9761;-24126,0945
Story01;UDConS12;-108889,7838;24186,9276;-34892,6889
Story01;UDConS12;-117644,4942;52384,4649;-61247,7015
Story08;UDConS13;-9562,6641;18495,7881;-44,0034
Story08;UDConS13;-16232,9196;-1576,1943;-2612,8446
Story08;UDConS13;-9724,2402;16765,4934;-821,823
Story08;UDConS13;-16394,496;-3384,2772;-4792,0608
Story07;UDConS13;-22977,8325;17663,5494;-4125,885
Story07;UDConS13;-29648,088;2142,4251;-4215,5139
Story07;UDConS13;-23326,4658;14044,6197;-5301,1983
Story07;UDConS13;-29996,7213;1764,3393;-8930,5587
Story06;UDConS13;-36252,3849;20508,1548;-5347,2675
Story06;UDConS13;-42922,6404;12463,4967;-3942,7317
Story06;UDConS13;-36796,2351;19048,6626;-8997,6639
Story06;UDConS13;-43466,4909;6033,2439;-12132,9741
Story05;UDConS13;-49331,466;28637,7027;-4596,6285
Story05;UDConS13;-56001,7215;27447,4389;-1733,7153
Story05;UDConS13;-50081,586;24077,8959;-11632,98
Story05;UDConS13;-56751,8415;11338,5777;-14411,4714
Story04;UDConS13;-62163,2592;37294,3599;3500,28
Story04;UDConS13;-69071,7927;41305,4016;7353,0783
Story04;UDConS13;-63134,2569;23023,2012;-8001,8487
Story04;UDConS13;-70042,7907;12163,6188;-11658,7623
Story03;UDConS13;-74827,7079;61255,2687;2731,602
Story03;UDConS13;-81497,9634;71814,5352;8354,5905
Story03;UDConS13;-76032,0903;34142,8815;-14825,616
Story03;UDConS13;-82702,3458;27036,5991;-16802,3496
Story02;UDConS13;-86635,7145;83402,3505;12045,7569
Story02;UDConS13;-93305,97;93871,9557;18640,7037
Story02;UDConS13;-88087,638;40570,8606;-11557,746
Story02;UDConS13;-94757,8935;33968,8491;-13898,2437
Story01;UDConS13;-102545,7819;103411,7154;9676,2852
Story01;UDConS13;-111300,4923;174690,7002;12822,7125
Story01;UDConS13;-105815,1345;63335,976;-11459,7612
Story01;UDConS13;-114569,8449;112539,1887;-24298,8945
Story08;UDConS14;-9731,1858;20181,8919;458,8863
Story08;UDConS14;-16401,4416;-107,1663;-1806,9579
Story08;UDConS14;-9892,7622;18451,5972;-318,9333
Story08;UDConS14;-16563,0177;-1915,2489;-3986,1741
Story07;UDConS14;-23331,0192;20881,0971;-2874,1479
Story07;UDConS14;-30001,275;1316,5251;-4612,1304
Story07;UDConS14;-23679,6525;17262,1677;-4049,4612
Story07;UDConS14;-30349,9083;938,439;-9327,1755
Story06;UDConS14;-36794,0544;21442,7124;-5323,1304
Story06;UDConS14;-43464,3099;5744,7189;-7317,2478
Story06;UDConS14;-37337,9046;19983,2202;-8973,5271
Story06;UDConS14;-44008,1601;-685,5336;-15507,4905
Story05;UDConS14;-50067,0114;23695,002;-7593,5889
Story05;UDConS14;-56737,2669;11433,3516;-9764,6691
Story05;UDConS14;-50817,1314;19135,1952;-14629,9404
Story05;UDConS14;-57487,3869;-4675,5099;-22442,4252
Story04;UDConS14;-63102,4581;23012,6925;-4147,8411
Story04;UDConS14;-70010,9919;12867,3186;-6678,6765
Story04;UDConS14;-64073,4558;8741,5338;-15649,9698
Story04;UDConS14;-70981,9896;-16274,4645;-25690,5171
Story03;UDConS14;-75974,6955;34711,9941;-11137,4181
Story03;UDConS14;-82644,951;28543,2954;-13238,0742
Story03;UDConS14;-77179,0782;7599,6066;-28694,6361
Story03;UDConS14;-83849,3337;-16234,6407;-38395,0143
Story02;UDConS14;-87991,3839;41911,2873;-9371,4435
Story02;UDConS14;-94661,6394;36085,0383;-11989,815
Story02;UDConS14;-89443,3074;-920,2026;-32974,9461
Story02;UDConS14;-96113,5629;-23818,0683;-44528,7624
Story01;UDConS14;-105620,4312;64262,667;-13756,6425
Story01;UDConS14;-114375,1416;114535,9761;-24126,0945
Story01;UDConS14;-108889,7838;24186,9276;-34892,6889
Story01;UDConS14;-117644,4942;52384,4649;-61247,7015
Story08;UDConS15;-7040,6646;13706,3121;3,0441
Story08;UDConS15;-11981,5944;-1123,5999;-1757,4162
Story08;UDConS15;-7202,2407;11976,0177;-774,7758
Story08;UDConS15;-12143,1708;-2931,6825;-3936,6327
Story07;UDConS15;-16929,6399;13136,1414;-3066,1179
Story07;UDConS15;-21870,57;1743,054;-2459,9799
Story07;UDConS15;-17278,2732;9517,212;-4241,4312
Story07;UDConS15;-22219,2033;1364,9679;-7175,025
Story06;UDConS15;-26712,903;15259,2729;-3490,8681
Story06;UDConS15;-31653,8331;10936,7238;-1421,4066
Story06;UDConS15;-27256,7532;13799,7807;-7141,2648
Story06;UDConS15;-32197,6833;4506,471;-9611,649
Story05;UDConS15;-36349,2405;22444,9197;-2104,2957
Story05;UDConS15;-41290,1706;24495,5223;1400,2287
Story05;UDConS15;-37099,3605;17885,1129;-9140,6472
Story05;UDConS15;-42040,2906;8386,6608;-11277,5271
Story04;UDConS15;-45799,2405;31326,744;5075,2398
Story04;UDConS15;-50916,6729;38060,6505;9730,1538
Story04;UDConS15;-46770,2382;17055,5856;-6426,8889
Story04;UDConS15;-51887,6706;8918,8677;-9281,6868
Story03;UDConS15;-55123,1244;52329,6369;6097,1805
Story03;UDConS15;-60064,0545;64609,734;12248,7195
Story03;UDConS15;-56327,5068;25217,2494;-11460,0375
Story03;UDConS15;-61268,4369;19831,7979;-12908,2206
Story02;UDConS15;-63810,6561;72710,22;14758,8
Story02;UDConS15;-68751,5862;84790,896;21996,5631
Story02;UDConS15;-65262,5796;29878,7301;-8844,7029
Story02;UDConS15;-70203,5097;24887,7894;-10542,3843
Story01;UDConS15;-75137,4678;86871,1506;12945,0783
Story01;UDConS15;-81622,4385;145255,0305;19100,0259
Story01;UDConS15;-78406,8204;46795,4112;-8190,9681
Story01;UDConS15;-84891,7911;83103,5193;-18021,5811
Story08;UDConS16;-7209,1863;15392,4159;505,9338
Story08;UDConS16;-12150,1161;345,4284;-951,5295
Story08;UDConS16;-7370,7624;13662,1215;-271,8861
Story08;UDConS16;-12311,6925;-1462,6545;-3130,7457
Story07;UDConS16;-17282,8269;16353,6894;-1814,3808
Story07;UDConS16;-22223,757;917,1537;-2856,5967
Story07;UDConS16;-17631,4602;12734,76;-2989,6941
Story07;UDConS16;-22572,39;539,0676;-7571,6418
Story06;UDConS16;-27254,5722;16193,8305;-3466,7313
Story06;UDConS16;-32195,5023;4217,946;-4795,9227
Story06;UDConS16;-27798,4227;14734,3383;-7117,128
Story06;UDConS16;-32739,3525;-2212,3068;-12986,1654
Story05;UDConS16;-37084,7856;17502,219;-5101,2558
Story05;UDConS16;-42025,7157;8481,4347;-6630,7251
Story05;UDConS16;-37834,9056;12942,4119;-12137,6073
Story05;UDConS16;-42775,8357;-7627,4265;-19308,4809
Story04;UDConS16;-46738,4394;17045,0766;-2572,8813
Story04;UDConS16;-51855,8718;9622,5675;-4301,601
Story04;UDConS16;-47709,4371;2773,9179;-14075,01
Story04;UDConS16;-52826,8698;-19519,2156;-23313,4416
Story03;UDConS16;-56270,1123;25786,362;-7771,8396
Story03;UDConS16;-61211,0424;21338,4942;-9343,9452
Story03;UDConS16;-57474,4947;-1326,0255;-25329,0576
Story03;UDConS16;-62415,4248;-23439,4419;-34500,8853
Story02;UDConS16;-65166,3255;31219,1571;-6658,4004
Story02;UDConS16;-70107,2556;27003,9789;-8633,9556
Story02;UDConS16;-66618,249;-11612,3328;-30261,9033
Story02;UDConS16;-71559,1791;-32899,1277;-41172,903
Story01;UDConS16;-78212,1171;47722,1022;-10487,8494
Story01;UDConS16;-84697,0878;85100,3067;-17848,7811
Story01;UDConS16;-81481,4697;7646,3628;-31623,8958
Story01;UDConS16;-87966,4404;22948,7952;-54970,3881
Story08;UDConS17;-7040,6646;13706,3121;3,0441
Story08;UDConS17;-11981,5944;-1123,5999;-1757,4162
Story08;UDConS17;-7202,2407;11976,0177;-774,7758
Story08;UDConS17;-12143,1708;-2931,6825;-3936,6327
Story07;UDConS17;-16929,6399;13136,1414;-3066,1179
Story07;UDConS17;-21870,57;1743,054;-2459,9799
Story07;UDConS17;-17278,2732;9517,212;-4241,4312
Story07;UDConS17;-22219,2033;1364,9679;-7175,025
Story06;UDConS17;-26712,903;15259,2729;-3490,8681
Story06;UDConS17;-31653,8331;10936,7238;-1421,4066
Story06;UDConS17;-27256,7532;13799,7807;-7141,2648
Story06;UDConS17;-32197,6833;4506,471;-9611,649
Story05;UDConS17;-36349,2405;22444,9197;-2104,2957
Story05;UDConS17;-41290,1706;24495,5223;1400,2287
Story05;UDConS17;-37099,3605;17885,1129;-9140,6472
Story05;UDConS17;-42040,2906;8386,6608;-11277,5271
Story04;UDConS17;-45799,2405;31326,744;5075,2398
Story04;UDConS17;-50916,6729;38060,6505;9730,1538
Story04;UDConS17;-46770,2382;17055,5856;-6426,8889
Story04;UDConS17;-51887,6706;8918,8677;-9281,6868
Story03;UDConS17;-55123,1244;52329,6369;6097,1805
Story03;UDConS17;-60064,0545;64609,734;12248,7195
Story03;UDConS17;-56327,5068;25217,2494;-11460,0375
Story03;UDConS17;-61268,4369;19831,7979;-12908,2206
Story02;UDConS17;-63810,6561;72710,22;14758,8
Story02;UDConS17;-68751,5862;84790,896;21996,5631
Story02;UDConS17;-65262,5796;29878,7301;-8844,7029
Story02;UDConS17;-70203,5097;24887,7894;-10542,3843
Story01;UDConS17;-75137,4678;86871,1506;12945,0783
Story01;UDConS17;-81622,4385;145255,0305;19100,0259
Story01;UDConS17;-78406,8204;46795,4112;-8190,9681
Story01;UDConS17;-84891,7911;83103,5193;-18021,5811
Story08;UDConS18;-7209,1863;15392,4159;505,9338
Story08;UDConS18;-12150,1161;345,4284;-951,5295
Story08;UDConS18;-7370,7624;13662,1215;-271,8861
Story08;UDConS18;-12311,6925;-1462,6545;-3130,7457
Story07;UDConS18;-17282,8269;16353,6894;-1814,3808
Story07;UDConS18;-22223,757;917,1537;-2856,5967
Story07;UDConS18;-17631,4602;12734,76;-2989,6941
Story07;UDConS18;-22572,39;539,0676;-7571,6418
Story06;UDConS18;-27254,5722;16193,8305;-3466,7313
Story06;UDConS18;-32195,5023;4217,946;-4795,9227
Story06;UDConS18;-27798,4227;14734,3383;-7117,128
Story06;UDConS18;-32739,3525;-2212,3068;-12986,1654
Story05;UDConS18;-37084,7856;17502,219;-5101,2558
Story05;UDConS18;-42025,7157;8481,4347;-6630,7251
Story05;UDConS18;-37834,9056;12942,4119;-12137,6073
Story05;UDConS18;-42775,8357;-7627,4265;-19308,4809
Story04;UDConS18;-46738,4394;17045,0766;-2572,8813
Story04;UDConS18;-51855,8718;9622,5675;-4301,601
Story04;UDConS18;-47709,4371;2773,9179;-14075,01
Story04;UDConS18;-52826,8698;-19519,2156;-23313,4416
Story03;UDConS18;-56270,1123;25786,362;-7771,8396
Story03;UDConS18;-61211,0424;21338,4942;-9343,9452
Story03;UDConS18;-57474,4947;-1326,0255;-25329,0576
Story03;UDConS18;-62415,4248;-23439,4419;-34500,8853
Story02;UDConS18;-65166,3255;31219,1571;-6658,4004
Story02;UDConS18;-70107,2556;27003,9789;-8633,9556
Story02;UDConS18;-66618,249;-11612,3328;-30261,9033
Story02;UDConS18;-71559,1791;-32899,1277;-41172,903
Story01;UDConS18;-78212,1171;47722,1022;-10487,8494
Story01;UDConS18;-84697,0878;85100,3067;-17848,7811
Story01;UDConS18;-81481,4697;7646,3628;-31623,8958
Story01;UDConS18;-87966,4404;22948,7952;-54970,3881
Story08;UDConS2;-12955,2459;24786,0228;-184,4802
Story08;UDConS2;-19625,5014;-2308,4229;-3957,6072
Story07;UDConS2;-28857,6213;23462,5083;-4975,3788
Story07;UDConS2;-35527,8768;2134,6038;-8225,8725
Story06;UDConS2;-44580,2598;27234,5832;-8714,9922
Story06;UDConS2;-51250,5153;7947,5556;-11809,959
Story05;UDConS2;-60053,4006;32103,7542;-11638,6014
Story05;UDConS2;-66723,6561;15200,8593;-14591,253
Story04;UDConS2;-75212,5995;31656,8046;-7305,2913
Story04;UDConS2;-82121,1333;17237,8014;-10927,2414
Story03;UDConS2;-90078,8331;45615,2037;-15052,17
Story03;UDConS2;-96749,0886;35909,6568;-17471,5026
Story02;UDConS2;-103889,9094;53985,3318;-11379,0075
Story02;UDConS2;-110560,1649;43524,1746;-14352,363
Story01;UDConS2;-124781,5185;81324,6624;-14468,9892
Story01;UDConS2;-133536,2289;135436,3782;-28434,7116
Story08;UDConS3;-12856,2165;24799,2801;-102,0012
Story08;UDConS3;-19526,472;-2206,7064;-3545,6082
Story08;UDConS3;-12953,1621;23761,1034;-568,6929
Story08;UDConS3;-19623,4176;-3291,5562;-4853,1381
Story07;UDConS3;-28647,075;23582,9229;-4998,3057
Story07;UDConS3;-35317,3308;2495,7996;-6692,3739
Story07;UDConS3;-28856,2551;21411,5652;-5703,4938
Story07;UDConS3;-35526,5106;2268,948;-9521,4009
Story06;UDConS3;-44254,6038;27392,0634;-7627,1142
Story06;UDConS3;-50924,8593;11892,2646;-8340,5313
Story06;UDConS3;-44580,9141;26516,3682;-9817,3521
Story06;UDConS3;-51251,1696;8034,1131;-13254,6768
Story05;UDConS3;-59607,7008;34954,5066;-8628,6078
Story05;UDConS3;-66277,9566;24837,744;-8378,6403
Story05;UDConS3;-60057,7731;32218,6224;-12850,4187
Story05;UDConS3;-66728,0286;15172,4271;-15985,2939
Story04;UDConS3;-74639,5404;40222,6524;-1560,2163
Story04;UDConS3;-81548,0742;34511,7612;-1014,1626
Story04;UDConS3;-75222,1392;31659,9573;-8461,4937
Story04;UDConS3;-82130,673;17026,6914;-12421,2669
Story03;UDConS3;-89373,4221;61711,9023;-5624,2986
Story03;UDConS3;-96043,6776;62324,4096;-3446,6211
Story03;UDConS3;-90096,0516;45444,4701;-16158,6294
Story03;UDConS3;-96766,3071;35457,648;-18540,7851
Story02;UDConS3;-103047,6315;79282,0977;2127,2034
Story02;UDConS3;-109717,887;78831,1818;4598,4768
Story02;UDConS3;-103918,7856;53583,2037;-12034,8981
Story02;UDConS3;-110589,0411;42889,3179;-14924,8917
Story01;UDConS3;-122878,3179;105092,0988;-1098,297
Story01;UDConS3;-131633,0283;172128,249;-6213,5874
Story01;UDConS3;-124839,9294;81046,6551;-13779,9249
Story01;UDConS3;-133594,6398;134837,3421;-28486,5516
Story08;UDConS4;-12957,3294;25810,9422;199,7328
Story08;UDConS4;-19627,5849;-1325,2896;-3062,0763
Story08;UDConS4;-13054,2753;24772,7655;-266,9592
Story08;UDConS4;-19724,5308;-2410,1391;-4369,6059
Story07;UDConS4;-28858,9872;25513,4517;-4247,2635
Story07;UDConS4;-35529,2427;2000,2596;-6930,3441
Story07;UDConS4;-29068,1673;23342,094;-4952,4516
Story07;UDConS4;-35738,4228;1773,408;-9759,3711
Story06;UDConS4;-44579,6055;27952,7982;-7612,632
Story06;UDConS4;-51249,861;7860,9981;-10365,2409
Story06;UDConS4;-44905,9155;27077,1027;-9802,8699
Story06;UDConS4;-51576,1713;4002,8466;-15279,3864
Story05;UDConS4;-60049,0281;31988,886;-10426,7841
Story05;UDConS4;-66719,2836;15229,2915;-13197,2124
Story05;UDConS4;-60499,1001;29253,0018;-14648,595
Story05;UDConS4;-67169,3556;5563,9749;-20803,866
Story04;UDConS4;-75203,0598;31653,6519;-6149,0892
Story04;UDConS4;-82111,5936;17448,9114;-9433,2156
Story04;UDConS4;-75785,6586;23090,9568;-13050,3663
Story04;UDConS4;-82694,1924;-36,1584;-20840,3199
Story03;UDConS4;-90061,6146;45785,9376;-13945,7106
Story03;UDConS4;-96731,8704;36361,6659;-16402,2201
Story03;UDConS4;-90784,2441;29518,5051;-24480,0414
Story03;UDConS4;-97454,4996;9494,904;-31496,3841
Story02;UDConS4;-103861,0332;54387,4599;-10723,1166
Story02;UDConS4;-110531,2887;44159,0316;-13779,8343
Story02;UDConS4;-104732,1873;28688,5659;-24885,2184
Story02;UDConS4;-111402,4428;8217,1674;-33303,2028
Story01;UDConS4;-124723,1076;81602,6697;-15158,0535
Story01;UDConS4;-133477,818;136035,4146;-28382,8716
Story01;UDConS4;-126684,7191;57557,226;-27839,6814
Story01;UDConS4;-135439,4295;98744,5077;-50655,8358
Story08;UDConS5;-12856,2165;24799,2801;-102,0012
Story08;UDConS5;-19526,472;-2206,7064;-3545,6082
Story08;UDConS5;-12953,1621;23761,1034;-568,6929
Story08;UDConS5;-19623,4176;-3291,5562;-4853,1381
Story07;UDConS5;-28647,075;23582,9229;-4998,3057
Story07;UDConS5;-35317,3308;2495,7996;-6692,3739
Story07;UDConS5;-28856,2551;21411,5652;-5703,4938
Story07;UDConS5;-35526,5106;2268,948;-9521,4009
Story06;UDConS5;-44254,6038;27392,0634;-7627,1142
Story06;UDConS5;-50924,8593;11892,2646;-8340,5313
Story06;UDConS5;-44580,9141;26516,3682;-9817,3521
Story06;UDConS5;-51251,1696;8034,1131;-13254,6768
Story05;UDConS5;-59607,7008;34954,5066;-8628,6078
Story05;UDConS5;-66277,9566;24837,744;-8378,6403
Story05;UDConS5;-60057,7731;32218,6224;-12850,4187
Story05;UDConS5;-66728,0286;15172,4271;-15985,2939
Story04;UDConS5;-74639,5404;40222,6524;-1560,2163
Story04;UDConS5;-81548,0742;34511,7612;-1014,1626
Story04;UDConS5;-75222,1392;31659,9573;-8461,4937
Story04;UDConS5;-82130,673;17026,6914;-12421,2669
Story03;UDConS5;-89373,4221;61711,9023;-5624,2986
Story03;UDConS5;-96043,6776;62324,4096;-3446,6211
Story03;UDConS5;-90096,0516;45444,4701;-16158,6294
Story03;UDConS5;-96766,3071;35457,648;-18540,7851
Story02;UDConS5;-103047,6315;79282,0977;2127,2034
Story02;UDConS5;-109717,887;78831,1818;4598,4768
Story02;UDConS5;-103918,7856;53583,2037;-12034,8981
Story02;UDConS5;-110589,0411;42889,3179;-14924,8917
Story01;UDConS5;-122878,3179;105092,0988;-1098,297
Story01;UDConS5;-131633,0283;172128,249;-6213,5874
Story01;UDConS5;-124839,9294;81046,6551;-13779,9249
Story01;UDConS5;-133594,6398;134837,3421;-28486,5516
Story08;UDConS6;-12957,3294;25810,9422;199,7328
Story08;UDConS6;-19627,5849;-1325,2896;-3062,0763
Story08;UDConS6;-13054,2753;24772,7655;-266,9592
Story08;UDConS6;-19724,5308;-2410,1391;-4369,6059
Story07;UDConS6;-28858,9872;25513,4517;-4247,2635
Story07;UDConS6;-35529,2427;2000,2596;-6930,3441
Story07;UDConS6;-29068,1673;23342,094;-4952,4516
Story07;UDConS6;-35738,4228;1773,408;-9759,3711
Story06;UDConS6;-44579,6055;27952,7982;-7612,632
Story06;UDConS6;-51249,861;7860,9981;-10365,2409
Story06;UDConS6;-44905,9155;27077,1027;-9802,8699
Story06;UDConS6;-51576,1713;4002,8466;-15279,3864
Story05;UDConS6;-60049,0281;31988,886;-10426,7841
Story05;UDConS6;-66719,2836;15229,2915;-13197,2124
Story05;UDConS6;-60499,1001;29253,0018;-14648,595
Story05;UDConS6;-67169,3556;5563,9749;-20803,866
Story04;UDConS6;-75203,0598;31653,6519;-6149,0892
Story04;UDConS6;-82111,5936;17448,9114;-9433,2156
Story04;UDConS6;-75785,6586;23090,9568;-13050,3663
Story04;UDConS6;-82694,1924;-36,1584;-20840,3199
Story03;UDConS6;-90061,6146;45785,9376;-13945,7106
Story03;UDConS6;-96731,8704;36361,6659;-16402,2201
Story03;UDConS6;-90784,2441;29518,5051;-24480,0414
Story03;UDConS6;-97454,4996;9494,904;-31496,3841
Story02;UDConS6;-103861,0332;54387,4599;-10723,1166
Story02;UDConS6;-110531,2887;44159,0316;-13779,8343
Story02;UDConS6;-104732,1873;28688,5659;-24885,2184
Story02;UDConS6;-111402,4428;8217,1674;-33303,2028
Story01;UDConS6;-124723,1076;81602,6697;-15158,0535
Story01;UDConS6;-133477,818;136035,4146;-28382,8716
Story01;UDConS6;-126684,7191;57557,226;-27839,6814
Story01;UDConS6;-135439,4295;98744,5077;-50655,8358
Story08;UDConS7;-11821,9371;22914,4191;-46,1115
Story08;UDConS7;-18492,1926;-1970,085;-3073,5132
Story08;UDConS7;-11983,5132;21184,1247;-823,9314
Story08;UDConS7;-18653,7687;-3778,1679;-5252,7294
Story07;UDConS7;-26848,0476;21863,3043;-4747,2789
Story07;UDConS7;-33518,3031;2558,3454;-5233,6833
Story07;UDConS7;-27196,6809;18244,3746;-5922,5922
Story07;UDConS7;-33866,9364;2180,2593;-9948,7284
Story06;UDConS7;-41701,9653;25400,3817;-6435,4839
Story06;UDConS7;-48372,2211;13904,4987;-5402,1252
Story06;UDConS7;-42245,8158;23940,8895;-10085,8803
Story06;UDConS7;-48916,0713;7474,2459;-13592,3676
Story05;UDConS7;-56316,8373;34389,8166;-6014,3505
Story05;UDConS7;-62987,0928;30117,8652;-3485,9433
Story05;UDConS7;-57066,9573;29830,0095;-13050,702
Story05;UDConS7;-63737,2128;14009,004;-16163,6994
Story04;UDConS7;-70629,2286;43341,5604;2638,9677
Story04;UDConS7;-77537,7624;44611,0347;6122,1129
Story04;UDConS7;-71600,2263;29070,4017;-8863,1613
Story04;UDConS7;-78508,7601;15469,2516;-12889,7274
Story03;UDConS7;-84680,5161;69086,7051;1282,1448
Story03;UDConS7;-91350,7716;77498,3319;6638,6871
Story03;UDConS7;-85884,8985;41974,3176;-16275,0729
Story03;UDConS7;-92555,154;32720,3958;-18518,253
Story02;UDConS7;-97730,9934;92323,3308;11405,6679
Story02;UDConS7;-104401,2489;99820,0173;17654,8701
Story02;UDConS7;-99182,9169;49491,8409;-12197,835
Story02;UDConS7;-105853,1724;39916,9107;-14884,0773
Story01;UDConS7;-115890,3969;115679,454;8373,7341
Story01;UDConS7;-124645,1073;190019,8572;9867,1605
Story01;UDConS7;-119159,7495;75603,7146;-12762,3123
Story01;UDConS7;-127914,4599;127868,346;-27254,4465
Story08;UDConS8;-11990,4588;24600,5229;456,7782
Story08;UDConS8;-18660,7143;-501,057;-2267,6262
Story08;UDConS8;-12152,0349;22870,2285;-321,0417
Story08;UDConS8;-18822,2904;-2309,1399;-4446,8424
Story07;UDConS8;-27201,2343;25080,852;-3495,5418
Story07;UDConS8;-33871,4898;1732,4451;-5630,3001
Story07;UDConS8;-27549,8676;21461,9226;-4670,8551
Story07;UDConS8;-34220,1231;1354,359;-10345,3452
Story06;UDConS8;-42243,6348;26334,9396;-6411,3468
Story06;UDConS8;-48913,8903;7185,7209;-8776,6413
Story06;UDConS8;-42787,485;24875,4471;-10061,7435
Story06;UDConS8;-49457,7405;755,4681;-16966,884
Story05;UDConS8;-57052,3827;29447,1156;-9011,3106
Story05;UDConS8;-63722,6382;14103,7779;-11516,8971
Story05;UDConS8;-57802,5027;24887,3088;-16047,6621
Story05;UDConS8;-64472,7582;-2005,0833;-24194,6532
Story04;UDConS8;-71568,4275;29059,8927;-5009,1537
Story04;UDConS8;-78476,9613;16172,9514;-7909,6419
Story04;UDConS8;-72539,4252;14788,7343;-16511,2824
Story04;UDConS8;-79447,959;-12968,8314;-26921,4825
Story03;UDConS8;-85827,5037;42543,4302;-12586,8753
Story03;UDConS8;-92497,7592;34227,0921;-14953,9776
Story03;UDConS8;-87031,8861;15431,0427;-30144,093
Story03;UDConS8;-93702,1416;-10550,844;-40110,9177
Story02;UDConS8;-99086,6628;50832,2679;-10011,5325
Story02;UDConS8;-105756,9183;42033,0999;-12975,6486
Story02;UDConS8;-100538,5863;8000,778;-33615,0351
Story02;UDConS8;-107208,8418;-17870,0064;-45514,596
Story01;UDConS8;-118965,0462;76530,4056;-15059,1936
Story01;UDConS8;-127719,7566;129865,1334;-27081,6465
Story01;UDConS8;-122234,3988;36454,6662;-36195,24
Story01;UDConS8;-130989,1092;67713,6219;-64203,2532
Story08;UDConS9;-11821,9371;22914,4191;-46,1115
Story08;UDConS9;-18492,1926;-1970,085;-3073,5132
Story08;UDConS9;-11983,5132;21184,1247;-823,9314
Story08;UDConS9;-18653,7687;-3778,1679;-5252,7294
Story07;UDConS9;-26848,0476;21863,3043;-4747,2789
Story07;UDConS9;-33518,3031;2558,3454;-5233,6833
Story07;UDConS9;-27196,6809;18244,3746;-5922,5922
Story07;UDConS9;-33866,9364;2180,2593;-9948,7284
Story06;UDConS9;-41701,9653;25400,3817;-6435,4839
Story06;UDConS9;-48372,2211;13904,4987;-5402,1252
Story06;UDConS9;-42245,8158;23940,8895;-10085,8803
Story06;UDConS9;-48916,0713;7474,2459;-13592,3676
Story05;UDConS9;-56316,8373;34389,8166;-6014,3505
Story05;UDConS9;-62987,0928;30117,8652;-3485,9433
Story05;UDConS9;-57066,9573;29830,0095;-13050,702
Story05;UDConS9;-63737,2128;14009,004;-16163,6994
Story04;UDConS9;-70629,2286;43341,5604;2638,9677
Story04;UDConS9;-77537,7624;44611,0347;6122,1129
Story04;UDConS9;-71600,2263;29070,4017;-8863,1613
Story04;UDConS9;-78508,7601;15469,2516;-12889,7274
Story03;UDConS9;-84680,5161;69086,7051;1282,1448
Story03;UDConS9;-91350,7716;77498,3319;6638,6871
Story03;UDConS9;-85884,8985;41974,3176;-16275,0729
Story03;UDConS9;-92555,154;32720,3958;-18518,253
Story02;UDConS9;-97730,9934;92323,3308;11405,6679
Story02;UDConS9;-104401,2489;99820,0173;17654,8701
Story02;UDConS9;-99182,9169;49491,8409;-12197,835
Story02;UDConS9;-105853,1724;39916,9107;-14884,0773
Story01;UDConS9;-115890,3969;115679,454;8373,7341
Story01;UDConS9;-124645,1073;190019,8572;9867,1605
Story01;UDConS9;-119159,7495;75603,7146;-12762,3123
Story01;UDConS9;-127914,4599;127868,346;-27254,4465
Story08;UDSlbS1;-9727,713;18473,6925;-181,4685
Story08;UDSlbS1;-16397,9688;-1745,7216;-3299,5095
Story07;UDSlbS1;-23328,7425;17462,8584;-4087,6731
Story07;UDSlbS1;-29998,998;1540,4322;-6771,3447
Story06;UDSlbS1;-36795,1449;20245,6875;-7160,3973
Story06;UDSlbS1;-43465,4004;5888,9814;-9725,1111
Story05;UDSlbS1;-50074,2987;23886,4491;-9613,2843
Story05;UDSlbS1;-56744,5542;11385,9645;-12088,0704
Story04;UDSlbS1;-63118,3575;23017,9467;-6074,8449
Story04;UDSlbS1;-70026,8913;12515,4687;-9168,7194
Story03;UDSlbS1;-76003,3929;34427,4378;-12981,5172
Story03;UDSlbS1;-82673,6484;27789,9471;-15020,2119
Story02;UDSlbS1;-88039,5108;41241,0738;-10464,5946
Story02;UDSlbS1;-94709,7666;35026,9437;-12944,0295
Story01;UDSlbS1;-105717,783;63799,3215;-12608,2017
Story01;UDSlbS1;-114472,4934;113537,5824;-24212,4945
Story08;UDSlbS10;-11990,4588;24600,5229;456,7782
Story08;UDSlbS10;-18660,7143;-501,057;-2267,6262
Story08;UDSlbS10;-12152,0349;22870,2285;-321,0417
Story08;UDSlbS10;-18822,2904;-2309,1399;-4446,8424
Story07;UDSlbS10;-27201,2343;25080,852;-3495,5418
Story07;UDSlbS10;-33871,4898;1732,4451;-5630,3001
Story07;UDSlbS10;-27549,8676;21461,9226;-4670,8551
Story07;UDSlbS10;-34220,1231;1354,359;-10345,3452
Story06;UDSlbS10;-42243,6348;26334,9396;-6411,3468
Story06;UDSlbS10;-48913,8903;7185,7209;-8776,6413
Story06;UDSlbS10;-42787,485;24875,4471;-10061,7435
Story06;UDSlbS10;-49457,7405;755,4681;-16966,884
Story05;UDSlbS10;-57052,3827;29447,1156;-9011,3106
Story05;UDSlbS10;-63722,6382;14103,7779;-11516,8971
Story05;UDSlbS10;-57802,5027;24887,3088;-16047,6621
Story05;UDSlbS10;-64472,7582;-2005,0833;-24194,6532
Story04;UDSlbS10;-71568,4275;29059,8927;-5009,1537
Story04;UDSlbS10;-78476,9613;16172,9514;-7909,6419
Story04;UDSlbS10;-72539,4252;14788,7343;-16511,2824
Story04;UDSlbS10;-79447,959;-12968,8314;-26921,4825
Story03;UDSlbS10;-85827,5037;42543,4302;-12586,8753
Story03;UDSlbS10;-92497,7592;34227,0921;-14953,9776
Story03;UDSlbS10;-87031,8861;15431,0427;-30144,093
Story03;UDSlbS10;-93702,1416;-10550,844;-40110,9177
Story02;UDSlbS10;-99086,6628;50832,2679;-10011,5325
Story02;UDSlbS10;-105756,9183;42033,0999;-12975,6486
Story02;UDSlbS10;-100538,5863;8000,778;-33615,0351
Story02;UDSlbS10;-107208,8418;-17870,0064;-45514,596
Story01;UDSlbS10;-118965,0462;76530,4056;-15059,1936
Story01;UDSlbS10;-127719,7566;129865,1334;-27081,6465
Story01;UDSlbS10;-122234,3988;36454,6662;-36195,24
Story01;UDSlbS10;-130989,1092;67713,6219;-64203,2532
Story08;UDSlbS11;-9562,6641;18495,7881;-44,0034
Story08;UDSlbS11;-16232,9196;-1576,1943;-2612,8446
Story08;UDSlbS11;-9724,2402;16765,4934;-821,823
Story08;UDSlbS11;-16394,496;-3384,2772;-4792,0608
Story07;UDSlbS11;-22977,8325;17663,5494;-4125,885
Story07;UDSlbS11;-29648,088;2142,4251;-4215,5139
Story07;UDSlbS11;-23326,4658;14044,6197;-5301,1983
Story07;UDSlbS11;-29996,7213;1764,3393;-8930,5587
Story06;UDSlbS11;-36252,3849;20508,1548;-5347,2675
Story06;UDSlbS11;-42922,6404;12463,4967;-3942,7317
Story06;UDSlbS11;-36796,2351;19048,6626;-8997,6639
Story06;UDSlbS11;-43466,4909;6033,2439;-12132,9741
Story05;UDSlbS11;-49331,466;28637,7027;-4596,6285
Story05;UDSlbS11;-56001,7215;27447,4389;-1733,7153
Story05;UDSlbS11;-50081,586;24077,8959;-11632,98
Story05;UDSlbS11;-56751,8415;11338,5777;-14411,4714
Story04;UDSlbS11;-62163,2592;37294,3599;3500,28
Story04;UDSlbS11;-69071,7927;41305,4016;7353,0783
Story04;UDSlbS11;-63134,2569;23023,2012;-8001,8487
Story04;UDSlbS11;-70042,7907;12163,6188;-11658,7623
Story03;UDSlbS11;-74827,7079;61255,2687;2731,602
Story03;UDSlbS11;-81497,9634;71814,5352;8354,5905
Story03;UDSlbS11;-76032,0903;34142,8815;-14825,616
Story03;UDSlbS11;-82702,3458;27036,5991;-16802,3496
Story02;UDSlbS11;-86635,7145;83402,3505;12045,7569
Story02;UDSlbS11;-93305,97;93871,9557;18640,7037
Story02;UDSlbS11;-88087,638;40570,8606;-11557,746
Story02;UDSlbS11;-94757,8935;33968,8491;-13898,2437
Story01;UDSlbS11;-102545,7819;103411,7154;9676,2852
Story01;UDSlbS11;-111300,4923;174690,7002;12822,7125
Story01;UDSlbS11;-105815,1345;63335,976;-11459,7612
Story01;UDSlbS11;-114569,8449;112539,1887;-24298,8945
Story08;UDSlbS12;-9731,1858;20181,8919;458,8863
Story08;UDSlbS12;-16401,4416;-107,1663;-1806,9579
Story08;UDSlbS12;-9892,7622;18451,5972;-318,9333
Story08;UDSlbS12;-16563,0177;-1915,2489;-3986,1741
Story07;UDSlbS12;-23331,0192;20881,0971;-2874,1479
Story07;UDSlbS12;-30001,275;1316,5251;-4612,1304
Story07;UDSlbS12;-23679,6525;17262,1677;-4049,4612
Story07;UDSlbS12;-30349,9083;938,439;-9327,1755
Story06;UDSlbS12;-36794,0544;21442,7124;-5323,1304
Story06;UDSlbS12;-43464,3099;5744,7189;-7317,2478
Story06;UDSlbS12;-37337,9046;19983,2202;-8973,5271
Story06;UDSlbS12;-44008,1601;-685,5336;-15507,4905
Story05;UDSlbS12;-50067,0114;23695,002;-7593,5889
Story05;UDSlbS12;-56737,2669;11433,3516;-9764,6691
Story05;UDSlbS12;-50817,1314;19135,1952;-14629,9404
Story05;UDSlbS12;-57487,3869;-4675,5099;-22442,4252
Story04;UDSlbS12;-63102,4581;23012,6925;-4147,8411
Story04;UDSlbS12;-70010,9919;12867,3186;-6678,6765
Story04;UDSlbS12;-64073,4558;8741,5338;-15649,9698
Story04;UDSlbS12;-70981,9896;-16274,4645;-25690,5171
Story03;UDSlbS12;-75974,6955;34711,9941;-11137,4181
Story03;UDSlbS12;-82644,951;28543,2954;-13238,0742
Story03;UDSlbS12;-77179,0782;7599,6066;-28694,6361
Story03;UDSlbS12;-83849,3337;-16234,6407;-38395,0143
Story02;UDSlbS12;-87991,3839;41911,2873;-9371,4435
Story02;UDSlbS12;-94661,6394;36085,0383;-11989,815
Story02;UDSlbS12;-89443,3074;-920,2026;-32974,9461
Story02;UDSlbS12;-96113,5629;-23818,0683;-44528,7624
Story01;UDSlbS12;-105620,4312;64262,667;-13756,6425
Story01;UDSlbS12;-114375,1416;114535,9761;-24126,0945
Story01;UDSlbS12;-108889,7838;24186,9276;-34892,6889
Story01;UDSlbS12;-117644,4942;52384,4649;-61247,7015
Story08;UDSlbS13;-9562,6641;18495,7881;-44,0034
Story08;UDSlbS13;-16232,9196;-1576,1943;-2612,8446
Story08;UDSlbS13;-9724,2402;16765,4934;-821,823
Story08;UDSlbS13;-16394,496;-3384,2772;-4792,0608
Story07;UDSlbS13;-22977,8325;17663,5494;-4125,885
Story07;UDSlbS13;-29648,088;2142,4251;-4215,5139
Story07;UDSlbS13;-23326,4658;14044,6197;-5301,1983
Story07;UDSlbS13;-29996,7213;1764,3393;-8930,5587
Story06;UDSlbS13;-36252,3849;20508,1548;-5347,2675
Story06;UDSlbS13;-42922,6404;12463,4967;-3942,7317
Story06;UDSlbS13;-36796,2351;19048,6626;-8997,6639
Story06;UDSlbS13;-43466,4909;6033,2439;-12132,9741
Story05;UDSlbS13;-49331,466;28637,7027;-4596,6285
Story05;UDSlbS13;-56001,7215;27447,4389;-1733,7153
Story05;UDSlbS13;-50081,586;24077,8959;-11632,98
Story05;UDSlbS13;-56751,8415;11338,5777;-14411,4714
Story04;UDSlbS13;-62163,2592;37294,3599;3500,28
Story04;UDSlbS13;-69071,7927;41305,4016;7353,0783
Story04;UDSlbS13;-63134,2569;23023,2012;-8001,8487
Story04;UDSlbS13;-70042,7907;12163,6188;-11658,7623
Story03;UDSlbS13;-74827,7079;61255,2687;2731,602
Story03;UDSlbS13;-81497,9634;71814,5352;8354,5905
Story03;UDSlbS13;-76032,0903;34142,8815;-14825,616
Story03;UDSlbS13;-82702,3458;27036,5991;-16802,3496
Story02;UDSlbS13;-86635,7145;83402,3505;12045,7569
Story02;UDSlbS13;-93305,97;93871,9557;18640,7037
Story02;UDSlbS13;-88087,638;40570,8606;-11557,746
Story02;UDSlbS13;-94757,8935;33968,8491;-13898,2437
Story01;UDSlbS13;-102545,7819;103411,7154;9676,2852
Story01;UDSlbS13;-111300,4923;174690,7002;12822,7125
Story01;UDSlbS13;-105815,1345;63335,976;-11459,7612
Story01;UDSlbS13;-114569,8449;112539,1887;-24298,8945
Story08;UDSlbS14;-9731,1858;20181,8919;458,8863
Story08;UDSlbS14;-16401,4416;-107,1663;-1806,9579
Story08;UDSlbS14;-9892,7622;18451,5972;-318,9333
Story08;UDSlbS14;-16563,0177;-1915,2489;-3986,1741
Story07;UDSlbS14;-23331,0192;20881,0971;-2874,1479
Story07;UDSlbS14;-30001,275;1316,5251;-4612,1304
Story07;UDSlbS14;-23679,6525;17262,1677;-4049,4612
Story07;UDSlbS14;-30349,9083;938,439;-9327,1755
Story06;UDSlbS14;-36794,0544;21442,7124;-5323,1304
Story06;UDSlbS14;-43464,3099;5744,7189;-7317,2478
Story06;UDSlbS14;-37337,9046;19983,2202;-8973,5271
Story06;UDSlbS14;-44008,1601;-685,5336;-15507,4905
Story05;UDSlbS14;-50067,0114;23695,002;-7593,5889
Story05;UDSlbS14;-56737,2669;11433,3516;-9764,6691
Story05;UDSlbS14;-50817,1314;19135,1952;-14629,9404
Story05;UDSlbS14;-57487,3869;-4675,5099;-22442,4252
Story04;UDSlbS14;-63102,4581;23012,6925;-4147,8411
Story04;UDSlbS14;-70010,9919;12867,3186;-6678,6765
Story04;UDSlbS14;-64073,4558;8741,5338;-15649,9698
Story04;UDSlbS14;-70981,9896;-16274,4645;-25690,5171
Story03;UDSlbS14;-75974,6955;34711,9941;-11137,4181
Story03;UDSlbS14;-82644,951;28543,2954;-13238,0742
Story03;UDSlbS14;-77179,0782;7599,6066;-28694,6361
Story03;UDSlbS14;-83849,3337;-16234,6407;-38395,0143
Story02;UDSlbS14;-87991,3839;41911,2873;-9371,4435
Story02;UDSlbS14;-94661,6394;36085,0383;-11989,815
Story02;UDSlbS14;-89443,3074;-920,2026;-32974,9461
Story02;UDSlbS14;-96113,5629;-23818,0683;-44528,7624
Story01;UDSlbS14;-105620,4312;64262,667;-13756,6425
Story01;UDSlbS14;-114375,1416;114535,9761;-24126,0945
Story01;UDSlbS14;-108889,7838;24186,9276;-34892,6889
Story01;UDSlbS14;-117644,4942;52384,4649;-61247,7015
Story08;UDSlbS15;-7040,6646;13706,3121;3,0441
Story08;UDSlbS15;-11981,5944;-1123,5999;-1757,4162
Story08;UDSlbS15;-7202,2407;11976,0177;-774,7758
Story08;UDSlbS15;-12143,1708;-2931,6825;-3936,6327
Story07;UDSlbS15;-16929,6399;13136,1414;-3066,1179
Story07;UDSlbS15;-21870,57;1743,054;-2459,9799
Story07;UDSlbS15;-17278,2732;9517,212;-4241,4312
Story07;UDSlbS15;-22219,2033;1364,9679;-7175,025
Story06;UDSlbS15;-26712,903;15259,2729;-3490,8681
Story06;UDSlbS15;-31653,8331;10936,7238;-1421,4066
Story06;UDSlbS15;-27256,7532;13799,7807;-7141,2648
Story06;UDSlbS15;-32197,6833;4506,471;-9611,649
Story05;UDSlbS15;-36349,2405;22444,9197;-2104,2957
Story05;UDSlbS15;-41290,1706;24495,5223;1400,2287
Story05;UDSlbS15;-37099,3605;17885,1129;-9140,6472
Story05;UDSlbS15;-42040,2906;8386,6608;-11277,5271
Story04;UDSlbS15;-45799,2405;31326,744;5075,2398
Story04;UDSlbS15;-50916,6729;38060,6505;9730,1538
Story04;UDSlbS15;-46770,2382;17055,5856;-6426,8889
Story04;UDSlbS15;-51887,6706;8918,8677;-9281,6868
Story03;UDSlbS15;-55123,1244;52329,6369;6097,1805
Story03;UDSlbS15;-60064,0545;64609,734;12248,7195
Story03;UDSlbS15;-56327,5068;25217,2494;-11460,0375
Story03;UDSlbS15;-61268,4369;19831,7979;-12908,2206
Story02;UDSlbS15;-63810,6561;72710,22;14758,8
Story02;UDSlbS15;-68751,5862;84790,896;21996,5631
Story02;UDSlbS15;-65262,5796;29878,7301;-8844,7029
Story02;UDSlbS15;-70203,5097;24887,7894;-10542,3843
Story01;UDSlbS15;-75137,4678;86871,1506;12945,0783
Story01;UDSlbS15;-81622,4385;145255,0305;19100,0259
Story01;UDSlbS15;-78406,8204;46795,4112;-8190,9681
Story01;UDSlbS15;-84891,7911;83103,5193;-18021,5811
Story08;UDSlbS16;-7209,1863;15392,4159;505,9338
Story08;UDSlbS16;-12150,1161;345,4284;-951,5295
Story08;UDSlbS16;-7370,7624;13662,1215;-271,8861
Story08;UDSlbS16;-12311,6925;-1462,6545;-3130,7457
Story07;UDSlbS16;-17282,8269;16353,6894;-1814,3808
Story07;UDSlbS16;-22223,757;917,1537;-2856,5967
Story07;UDSlbS16;-17631,4602;12734,76;-2989,6941
Story07;UDSlbS16;-22572,39;539,0676;-7571,6418
Story06;UDSlbS16;-27254,5722;16193,8305;-3466,7313
Story06;UDSlbS16;-32195,5023;4217,946;-4795,9227
Story06;UDSlbS16;-27798,4227;14734,3383;-7117,128
Story06;UDSlbS16;-32739,3525;-2212,3068;-12986,1654
Story05;UDSlbS16;-37084,7856;17502,219;-5101,2558
Story05;UDSlbS16;-42025,7157;8481,4347;-6630,7251
Story05;UDSlbS16;-37834,9056;12942,4119;-12137,6073
Story05;UDSlbS16;-42775,8357;-7627,4265;-19308,4809
Story04;UDSlbS16;-46738,4394;17045,0766;-2572,8813
Story04;UDSlbS16;-51855,8718;9622,5675;-4301,601
Story04;UDSlbS16;-47709,4371;2773,9179;-14075,01
Story04;UDSlbS16;-52826,8698;-19519,2156;-23313,4416
Story03;UDSlbS16;-56270,1123;25786,362;-7771,8396
Story03;UDSlbS16;-61211,0424;21338,4942;-9343,9452
Story03;UDSlbS16;-57474,4947;-1326,0255;-25329,0576
Story03;UDSlbS16;-62415,4248;-23439,4419;-34500,8853
Story02;UDSlbS16;-65166,3255;31219,1571;-6658,4004
Story02;UDSlbS16;-70107,2556;27003,9789;-8633,9556
Story02;UDSlbS16;-66618,249;-11612,3328;-30261,9033
Story02;UDSlbS16;-71559,1791;-32899,1277;-41172,903
Story01;UDSlbS16;-78212,1171;47722,1022;-10487,8494
Story01;UDSlbS16;-84697,0878;85100,3067;-17848,7811
Story01;UDSlbS16;-81481,4697;7646,3628;-31623,8958
Story01;UDSlbS16;-87966,4404;22948,7952;-54970,3881
Story08;UDSlbS17;-7040,6646;13706,3121;3,0441
Story08;UDSlbS17;-11981,5944;-1123,5999;-1757,4162
Story08;UDSlbS17;-7202,2407;11976,0177;-774,7758
Story08;UDSlbS17;-12143,1708;-2931,6825;-3936,6327
Story07;UDSlbS17;-16929,6399;13136,1414;-3066,1179
Story07;UDSlbS17;-21870,57;1743,054;-2459,9799
Story07;UDSlbS17;-17278,2732;9517,212;-4241,4312
Story07;UDSlbS17;-22219,2033;1364,9679;-7175,025
Story06;UDSlbS17;-26712,903;15259,2729;-3490,8681
Story06;UDSlbS17;-31653,8331;10936,7238;-1421,4066
Story06;UDSlbS17;-27256,7532;13799,7807;-7141,2648
Story06;UDSlbS17;-32197,6833;4506,471;-9611,649
Story05;UDSlbS17;-36349,2405;22444,9197;-2104,2957
Story05;UDSlbS17;-41290,1706;24495,5223;1400,2287
Story05;UDSlbS17;-37099,3605;17885,1129;-9140,6472
Story05;UDSlbS17;-42040,2906;8386,6608;-11277,5271
Story04;UDSlbS17;-45799,2405;31326,744;5075,2398
Story04;UDSlbS17;-50916,6729;38060,6505;9730,1538
Story04;UDSlbS17;-46770,2382;17055,5856;-6426,8889
Story04;UDSlbS17;-51887,6706;8918,8677;-9281,6868
Story03;UDSlbS17;-55123,1244;52329,6369;6097,1805
Story03;UDSlbS17;-60064,0545;64609,734;12248,7195
Story03;UDSlbS17;-56327,5068;25217,2494;-11460,0375
Story03;UDSlbS17;-61268,4369;19831,7979;-12908,2206
Story02;UDSlbS17;-63810,6561;72710,22;14758,8
Story02;UDSlbS17;-68751,5862;84790,896;21996,5631
Story02;UDSlbS17;-65262,5796;29878,7301;-8844,7029
Story02;UDSlbS17;-70203,5097;24887,7894;-10542,3843
Story01;UDSlbS17;-75137,4678;86871,1506;12945,0783
Story01;UDSlbS17;-81622,4385;145255,0305;19100,0259
Story01;UDSlbS17;-78406,8204;46795,4112;-8190,9681
Story01;UDSlbS17;-84891,7911;83103,5193;-18021,5811
Story08;UDSlbS18;-7209,1863;15392,4159;505,9338
Story08;UDSlbS18;-12150,1161;345,4284;-951,5295
Story08;UDSlbS18;-7370,7624;13662,1215;-271,8861
Story08;UDSlbS18;-12311,6925;-1462,6545;-3130,7457
Story07;UDSlbS18;-17282,8269;16353,6894;-1814,3808
Story07;UDSlbS18;-22223,757;917,1537;-2856,5967
Story07;UDSlbS18;-17631,4602;12734,76;-2989,6941
Story07;UDSlbS18;-22572,39;539,0676;-7571,6418
Story06;UDSlbS18;-27254,5722;16193,8305;-3466,7313
Story06;UDSlbS18;-32195,5023;4217,946;-4795,9227
Story06;UDSlbS18;-27798,4227;14734,3383;-7117,128
Story06;UDSlbS18;-32739,3525;-2212,3068;-12986,1654
Story05;UDSlbS18;-37084,7856;17502,219;-5101,2558
Story05;UDSlbS18;-42025,7157;8481,4347;-6630,7251
Story05;UDSlbS18;-37834,9056;12942,4119;-12137,6073
Story05;UDSlbS18;-42775,8357;-7627,4265;-19308,4809
Story04;UDSlbS18;-46738,4394;17045,0766;-2572,8813
Story04;UDSlbS18;-51855,8718;9622,5675;-4301,601
Story04;UDSlbS18;-47709,4371;2773,9179;-14075,01
Story04;UDSlbS18;-52826,8698;-19519,2156;-23313,4416
Story03;UDSlbS18;-56270,1123;25786,362;-7771,8396
Story03;UDSlbS18;-61211,0424;21338,4942;-9343,9452
Story03;UDSlbS18;-57474,4947;-1326,0255;-25329,0576
Story03;UDSlbS18;-62415,4248;-23439,4419;-34500,8853
Story02;UDSlbS18;-65166,3255;31219,1571;-6658,4004
Story02;UDSlbS18;-70107,2556;27003,9789;-8633,9556
Story02;UDSlbS18;-66618,249;-11612,3328;-30261,9033
Story02;UDSlbS18;-71559,1791;-32899,1277;-41172,903
Story01;UDSlbS18;-78212,1171;47722,1022;-10487,8494
Story01;UDSlbS18;-84697,0878;85100,3067;-17848,7811
Story01;UDSlbS18;-81481,4697;7646,3628;-31623,8958
Story01;UDSlbS18;-87966,4404;22948,7952;-54970,3881
Story08;UDSlbS2;-12955,2459;24786,0228;-184,4802
Story08;UDSlbS2;-19625,5014;-2308,4229;-3957,6072
Story07;UDSlbS2;-28857,6213;23462,5083;-4975,3788
Story07;UDSlbS2;-35527,8768;2134,6038;-8225,8725
Story06;UDSlbS2;-44580,2598;27234,5832;-8714,9922
Story06;UDSlbS2;-51250,5153;7947,5556;-11809,959
Story05;UDSlbS2;-60053,4006;32103,7542;-11638,6014
Story05;UDSlbS2;-66723,6561;15200,8593;-14591,253
Story04;UDSlbS2;-75212,5995;31656,8046;-7305,2913
Story04;UDSlbS2;-82121,1333;17237,8014;-10927,2414
Story03;UDSlbS2;-90078,8331;45615,2037;-15052,17
Story03;UDSlbS2;-96749,0886;35909,6568;-17471,5026
Story02;UDSlbS2;-103889,9094;53985,3318;-11379,0075
Story02;UDSlbS2;-110560,1649;43524,1746;-14352,363
Story01;UDSlbS2;-124781,5185;81324,6624;-14468,9892
Story01;UDSlbS2;-133536,2289;135436,3782;-28434,7116
Story08;UDSlbS3;-12856,2165;24799,2801;-102,0012
Story08;UDSlbS3;-19526,472;-2206,7064;-3545,6082
Story08;UDSlbS3;-12953,1621;23761,1034;-568,6929
Story08;UDSlbS3;-19623,4176;-3291,5562;-4853,1381
Story07;UDSlbS3;-28647,075;23582,9229;-4998,3057
Story07;UDSlbS3;-35317,3308;2495,7996;-6692,3739
Story07;UDSlbS3;-28856,2551;21411,5652;-5703,4938
Story07;UDSlbS3;-35526,5106;2268,948;-9521,4009
Story06;UDSlbS3;-44254,6038;27392,0634;-7627,1142
Story06;UDSlbS3;-50924,8593;11892,2646;-8340,5313
Story06;UDSlbS3;-44580,9141;26516,3682;-9817,3521
Story06;UDSlbS3;-51251,1696;8034,1131;-13254,6768
Story05;UDSlbS3;-59607,7008;34954,5066;-8628,6078
Story05;UDSlbS3;-66277,9566;24837,744;-8378,6403
Story05;UDSlbS3;-60057,7731;32218,6224;-12850,4187
Story05;UDSlbS3;-66728,0286;15172,4271;-15985,2939
Story04;UDSlbS3;-74639,5404;40222,6524;-1560,2163
Story04;UDSlbS3;-81548,0742;34511,7612;-1014,1626
Story04;UDSlbS3;-75222,1392;31659,9573;-8461,4937
Story04;UDSlbS3;-82130,673;17026,6914;-12421,2669
Story03;UDSlbS3;-89373,4221;61711,9023;-5624,2986
Story03;UDSlbS3;-96043,6776;62324,4096;-3446,6211
Story03;UDSlbS3;-90096,0516;45444,4701;-16158,6294
Story03;UDSlbS3;-96766,3071;35457,648;-18540,7851
Story02;UDSlbS3;-103047,6315;79282,0977;2127,2034
Story02;UDSlbS3;-109717,887;78831,1818;4598,4768
Story02;UDSlbS3;-103918,7856;53583,2037;-12034,8981
Story02;UDSlbS3;-110589,0411;42889,3179;-14924,8917
Story01;UDSlbS3;-122878,3179;105092,0988;-1098,297
Story01;UDSlbS3;-131633,0283;172128,249;-6213,5874
Story01;UDSlbS3;-124839,9294;81046,6551;-13779,9249
Story01;UDSlbS3;-133594,6398;134837,3421;-28486,5516
Story08;UDSlbS4;-12957,3294;25810,9422;199,7328
Story08;UDSlbS4;-19627,5849;-1325,2896;-3062,0763
Story08;UDSlbS4;-13054,2753;24772,7655;-266,9592
Story08;UDSlbS4;-19724,5308;-2410,1391;-4369,6059
Story07;UDSlbS4;-28858,9872;25513,4517;-4247,2635
Story07;UDSlbS4;-35529,2427;2000,2596;-6930,3441
Story07;UDSlbS4;-29068,1673;23342,094;-4952,4516
Story07;UDSlbS4;-35738,4228;1773,408;-9759,3711
Story06;UDSlbS4;-44579,6055;27952,7982;-7612,632
Story06;UDSlbS4;-51249,861;7860,9981;-10365,2409
Story06;UDSlbS4;-44905,9155;27077,1027;-9802,8699
Story06;UDSlbS4;-51576,1713;4002,8466;-15279,3864
Story05;UDSlbS4;-60049,0281;31988,886;-10426,7841
Story05;UDSlbS4;-66719,2836;15229,2915;-13197,2124
Story05;UDSlbS4;-60499,1001;29253,0018;-14648,595
Story05;UDSlbS4;-67169,3556;5563,9749;-20803,866
Story04;UDSlbS4;-75203,0598;31653,6519;-6149,0892
Story04;UDSlbS4;-82111,5936;17448,9114;-9433,2156
Story04;UDSlbS4;-75785,6586;23090,9568;-13050,3663
Story04;UDSlbS4;-82694,1924;-36,1584;-20840,3199
Story03;UDSlbS4;-90061,6146;45785,9376;-13945,7106
Story03;UDSlbS4;-96731,8704;36361,6659;-16402,2201
Story03;UDSlbS4;-90784,2441;29518,5051;-24480,0414
Story03;UDSlbS4;-97454,4996;9494,904;-31496,3841
Story02;UDSlbS4;-103861,0332;54387,4599;-10723,1166
Story02;UDSlbS4;-110531,2887;44159,0316;-13779,8343
Story02;UDSlbS4;-104732,1873;28688,5659;-24885,2184
Story02;UDSlbS4;-111402,4428;8217,1674;-33303,2028
Story01;UDSlbS4;-124723,1076;81602,6697;-15158,0535
Story01;UDSlbS4;-133477,818;136035,4146;-28382,8716
Story01;UDSlbS4;-126684,7191;57557,226;-27839,6814
Story01;UDSlbS4;-135439,4295;98744,5077;-50655,8358
Story08;UDSlbS5;-12856,2165;24799,2801;-102,0012
Story08;UDSlbS5;-19526,472;-2206,7064;-3545,6082
Story08;UDSlbS5;-12953,1621;23761,1034;-568,6929
Story08;UDSlbS5;-19623,4176;-3291,5562;-4853,1381
Story07;UDSlbS5;-28647,075;23582,9229;-4998,3057
Story07;UDSlbS5;-35317,3308;2495,7996;-6692,3739
Story07;UDSlbS5;-28856,2551;21411,5652;-5703,4938
Story07;UDSlbS5;-35526,5106;2268,948;-9521,4009
Story06;UDSlbS5;-44254,6038;27392,0634;-7627,1142
Story06;UDSlbS5;-50924,8593;11892,2646;-8340,5313
Story06;UDSlbS5;-44580,9141;26516,3682;-9817,3521
Story06;UDSlbS5;-51251,1696;8034,1131;-13254,6768
Story05;UDSlbS5;-59607,7008;34954,5066;-8628,6078
Story05;UDSlbS5;-66277,9566;24837,744;-8378,6403
Story05;UDSlbS5;-60057,7731;32218,6224;-12850,4187
Story05;UDSlbS5;-66728,0286;15172,4271;-15985,2939
Story04;UDSlbS5;-74639,5404;40222,6524;-1560,2163
Story04;UDSlbS5;-81548,0742;34511,7612;-1014,1626
Story04;UDSlbS5;-75222,1392;31659,9573;-8461,4937
Story04;UDSlbS5;-82130,673;17026,6914;-12421,2669
Story03;UDSlbS5;-89373,4221;61711,9023;-5624,2986
Story03;UDSlbS5;-96043,6776;62324,4096;-3446,6211
Story03;UDSlbS5;-90096,0516;45444,4701;-16158,6294
Story03;UDSlbS5;-96766,3071;35457,648;-18540,7851
Story02;UDSlbS5;-103047,6315;79282,0977;2127,2034
Story02;UDSlbS5;-109717,887;78831,1818;4598,4768
Story02;UDSlbS5;-103918,7856;53583,2037;-12034,8981
Story02;UDSlbS5;-110589,0411;42889,3179;-14924,8917
Story01;UDSlbS5;-122878,3179;105092,0988;-1098,297
Story01;UDSlbS5;-131633,0283;172128,249;-6213,5874
Story01;UDSlbS5;-124839,9294;81046,6551;-13779,9249
Story01;UDSlbS5;-133594,6398;134837,3421;-28486,5516
Story08;UDSlbS6;-12957,3294;25810,9422;199,7328
Story08;UDSlbS6;-19627,5849;-1325,2896;-3062,0763
Story08;UDSlbS6;-13054,2753;24772,7655;-266,9592
Story08;UDSlbS6;-19724,5308;-2410,1391;-4369,6059
Story07;UDSlbS6;-28858,9872;25513,4517;-4247,2635
Story07;UDSlbS6;-35529,2427;2000,2596;-6930,3441
Story07;UDSlbS6;-29068,1673;23342,094;-4952,4516
Story07;UDSlbS6;-35738,4228;1773,408;-9759,3711
Story06;UDSlbS6;-44579,6055;27952,7982;-7612,632
Story06;UDSlbS6;-51249,861;7860,9981;-10365,2409
Story06;UDSlbS6;-44905,9155;27077,1027;-9802,8699
Story06;UDSlbS6;-51576,1713;4002,8466;-15279,3864
Story05;UDSlbS6;-60049,0281;31988,886;-10426,7841
Story05;UDSlbS6;-66719,2836;15229,2915;-13197,2124
Story05;UDSlbS6;-60499,1001;29253,0018;-14648,595
Story05;UDSlbS6;-67169,3556;5563,9749;-20803,866
Story04;UDSlbS6;-75203,0598;31653,6519;-6149,0892
Story04;UDSlbS6;-82111,5936;17448,9114;-9433,2156
Story04;UDSlbS6;-75785,6586;23090,9568;-13050,3663
Story04;UDSlbS6;-82694,1924;-36,1584;-20840,3199
Story03;UDSlbS6;-90061,6146;45785,9376;-13945,7106
Story03;UDSlbS6;-96731,8704;36361,6659;-16402,2201
Story03;UDSlbS6;-90784,2441;29518,5051;-24480,0414
Story03;UDSlbS6;-97454,4996;9494,904;-31496,3841
Story02;UDSlbS6;-103861,0332;54387,4599;-10723,1166
Story02;UDSlbS6;-110531,2887;44159,0316;-13779,8343
Story02;UDSlbS6;-104732,1873;28688,5659;-24885,2184
Story02;UDSlbS6;-111402,4428;8217,1674;-33303,2028
Story01;UDSlbS6;-124723,1076;81602,6697;-15158,0535
Story01;UDSlbS6;-133477,818;136035,4146;-28382,8716
Story01;UDSlbS6;-126684,7191;57557,226;-27839,6814
Story01;UDSlbS6;-135439,4295;98744,5077;-50655,8358
Story08;UDSlbS7;-11821,9371;22914,4191;-46,1115
Story08;UDSlbS7;-18492,1926;-1970,085;-3073,5132
Story08;UDSlbS7;-11983,5132;21184,1247;-823,9314
Story08;UDSlbS7;-18653,7687;-3778,1679;-5252,7294
Story07;UDSlbS7;-26848,0476;21863,3043;-4747,2789
Story07;UDSlbS7;-33518,3031;2558,3454;-5233,6833
Story07;UDSlbS7;-27196,6809;18244,3746;-5922,5922
Story07;UDSlbS7;-33866,9364;2180,2593;-9948,7284
Story06;UDSlbS7;-41701,9653;25400,3817;-6435,4839
Story06;UDSlbS7;-48372,2211;13904,4987;-5402,1252
Story06;UDSlbS7;-42245,8158;23940,8895;-10085,8803
Story06;UDSlbS7;-48916,0713;7474,2459;-13592,3676
Story05;UDSlbS7;-56316,8373;34389,8166;-6014,3505
Story05;UDSlbS7;-62987,0928;30117,8652;-3485,9433
Story05;UDSlbS7;-57066,9573;29830,0095;-13050,702
Story05;UDSlbS7;-63737,2128;14009,004;-16163,6994
Story04;UDSlbS7;-70629,2286;43341,5604;2638,9677
Story04;UDSlbS7;-77537,7624;44611,0347;6122,1129
Story04;UDSlbS7;-71600,2263;29070,4017;-8863,1613
Story04;UDSlbS7;-78508,7601;15469,2516;-12889,7274
Story03;UDSlbS7;-84680,5161;69086,7051;1282,1448
Story03;UDSlbS7;-91350,7716;77498,3319;6638,6871
Story03;UDSlbS7;-85884,8985;41974,3176;-16275,0729
Story03;UDSlbS7;-92555,154;32720,3958;-18518,253
Story02;UDSlbS7;-97730,9934;92323,3308;11405,6679
Story02;UDSlbS7;-104401,2489;99820,0173;17654,8701
Story02;UDSlbS7;-99182,9169;49491,8409;-12197,835
Story02;UDSlbS7;-105853,1724;39916,9107;-14884,0773
Story01;UDSlbS7;-115890,3969;115679,454;8373,7341
Story01;UDSlbS7;-124645,1073;190019,8572;9867,1605
Story01;UDSlbS7;-119159,7495;75603,7146;-12762,3123
Story01;UDSlbS7;-127914,4599;127868,346;-27254,4465
Story08;UDSlbS8;-11990,4588;24600,5229;456,7782
Story08;UDSlbS8;-18660,7143;-501,057;-2267,6262
Story08;UDSlbS8;-12152,0349;22870,2285;-321,0417
Story08;UDSlbS8;-18822,2904;-2309,1399;-4446,8424
Story07;UDSlbS8;-27201,2343;25080,852;-3495,5418
Story07;UDSlbS8;-33871,4898;1732,4451;-5630,3001
Story07;UDSlbS8;-27549,8676;21461,9226;-4670,8551
Story07;UDSlbS8;-34220,1231;1354,359;-10345,3452
Story06;UDSlbS8;-42243,6348;26334,9396;-6411,3468
Story06;UDSlbS8;-48913,8903;7185,7209;-8776,6413
Story06;UDSlbS8;-42787,485;24875,4471;-10061,7435
Story06;UDSlbS8;-49457,7405;755,4681;-16966,884
Story05;UDSlbS8;-57052,3827;29447,1156;-9011,3106
Story05;UDSlbS8;-63722,6382;14103,7779;-11516,8971
Story05;UDSlbS8;-57802,5027;24887,3088;-16047,6621
Story05;UDSlbS8;-64472,7582;-2005,0833;-24194,6532
Story04;UDSlbS8;-71568,4275;29059,8927;-5009,1537
Story04;UDSlbS8;-78476,9613;16172,9514;-7909,6419
Story04;UDSlbS8;-72539,4252;14788,7343;-16511,2824
Story04;UDSlbS8;-79447,959;-12968,8314;-26921,4825
Story03;UDSlbS8;-85827,5037;42543,4302;-12586,8753
Story03;UDSlbS8;-92497,7592;34227,0921;-14953,9776
Story03;UDSlbS8;-87031,8861;15431,0427;-30144,093
Story03;UDSlbS8;-93702,1416;-10550,844;-40110,9177
Story02;UDSlbS8;-99086,6628;50832,2679;-10011,5325
Story02;UDSlbS8;-105756,9183;42033,0999;-12975,6486
Story02;UDSlbS8;-100538,5863;8000,778;-33615,0351
Story02;UDSlbS8;-107208,8418;-17870,0064;-45514,596
Story01;UDSlbS8;-118965,0462;76530,4056;-15059,1936
Story01;UDSlbS8;-127719,7566;129865,1334;-27081,6465
Story01;UDSlbS8;-122234,3988;36454,6662;-36195,24
Story01;UDSlbS8;-130989,1092;67713,6219;-64203,2532
Story08;UDSlbS9;-11821,9371;22914,4191;-46,1115
Story08;UDSlbS9;-18492,1926;-1970,085;-3073,5132
Story08;UDSlbS9;-11983,5132;21184,1247;-823,9314
Story08;UDSlbS9;-18653,7687;-3778,1679;-5252,7294
Story07;UDSlbS9;-26848,0476;21863,3043;-4747,2789
Story07;UDSlbS9;-33518,3031;2558,3454;-5233,6833
Story07;UDSlbS9;-27196,6809;18244,3746;-5922,5922
Story07;UDSlbS9;-33866,9364;2180,2593;-9948,7284
Story06;UDSlbS9;-41701,9653;25400,3817;-6435,4839
Story06;UDSlbS9;-48372,2211;13904,4987;-5402,1252
Story06;UDSlbS9;-42245,8158;23940,8895;-10085,8803
Story06;UDSlbS9;-48916,0713;7474,2459;-13592,3676
Story05;UDSlbS9;-56316,8373;34389,8166;-6014,3505
Story05;UDSlbS9;-62987,0928;30117,8652;-3485,9433
Story05;UDSlbS9;-57066,9573;29830,0095;-13050,702
Story05;UDSlbS9;-63737,2128;14009,004;-16163,6994
Story04;UDSlbS9;-70629,2286;43341,5604;2638,9677
Story04;UDSlbS9;-77537,7624;44611,0347;6122,1129
Story04;UDSlbS9;-71600,2263;29070,4017;-8863,1613
Story04;UDSlbS9;-78508,7601;15469,2516;-12889,7274
Story03;UDSlbS9;-84680,5161;69086,7051;1282,1448
Story03;UDSlbS9;-91350,7716;77498,3319;6638,6871
Story03;UDSlbS9;-85884,8985;41974,3176;-16275,0729
Story03;UDSlbS9;-92555,154;32720,3958;-18518,253
Story02;UDSlbS9;-97730,9934;92323,3308;11405,6679
Story02;UDSlbS9;-104401,2489;99820,0173;17654,8701
Story02;UDSlbS9;-99182,9169;49491,8409;-12197,835
Story02;UDSlbS9;-105853,1724;39916,9107;-14884,0773
Story01;UDSlbS9;-115890,3969;115679,454;8373,7341
Story01;UDSlbS9;-124645,1073;190019,8572;9867,1605
Story01;UDSlbS9;-119159,7495;75603,7146;-12762,3123
Story01;UDSlbS9;-127914,4599;127868,346;-27254,4465
Story08;WL_0;2,3151;14,7303;-426,903
Story08;WL_0;2,3151;113,0181;457,7766
Story08;WL_0;110,0325;-1138,7994;91,6434
Story08;WL_0;110,0325;-1092,3702;-995,0343
Story07;WL_0;1,518;133,7937;-25,4745
Story07;WL_0;1,518;149,2713;1703,8872
Story07;WL_0;233,94;-2278,8258;-809,0169
Story07;WL_0;233,94;401,3286;-1439,4762
Story06;WL_0;-0,7269;174,9783;1208,7534
Story06;WL_0;-0,7269;96,1749;3854,9196
Story06;WL_0;361,8399;-798,0168;-1224,8445
Story06;WL_0;361,8399;4383,0102;-1605,2421
Story05;WL_0;-4,8582;127,6314;3344,4372
Story05;WL_0;-4,8582;-31,5912;6902,9031
Story05;WL_0;495,2217;3167,5026;-1346,4639
Story05;WL_0;495,2217;10707,6495;-1548,9342
Story04;WL_0;-10,5996;3,5031;6383,4168
Story04;WL_0;-10,5996;-234,5667;11014,5318
Story04;WL_0;636,7323;9517,6086;-1284,6693
Story04;WL_0;636,7323;19193,2887;-1660,0287
Story03;WL_0;-19,1316;-189,7041;10475,4126
Story03;WL_0;-19,1316;-502,2321;15583,2015
Story03;WL_0;783,7902;17885,2206;-1229,3994
Story03;WL_0;783,7902;29349,7254;-1188,0918
Story02;WL_0;-32,0847;-446,8089;15006,9012
Story02;WL_0;-32,0847;-705,3963;21056,4888
Story02;WL_0;935,8644;28107,5175;-728,7675
Story02;WL_0;935,8644;39230,0079;-636,1428
Story01;WL_0;-64,9011;-308,8968;14856,3246
Story01;WL_0;-64,9011;-665,5959;24690,138
Story01;WL_0;2114,6673;26408,2626;765,627
Story01;WL_0;2114,6673;40768,7451;-57,6
Story08;WL_90;2,3151;14,7303;-426,903
Story08;WL_90;2,3151;113,0181;457,7766
Story08;WL_90;110,0325;-1138,7994;91,6434
Story08;WL_90;110,0325;-1092,3702;-995,0343
Story07;WL_90;1,518;133,7937;-25,4745
Story07;WL_90;1,518;149,2713;1703,8872
Story07;WL_90;233,94;-2278,8258;-809,0169
Story07;WL_90;233,94;401,3286;-1439,4762
Story06;WL_90;-0,7269;174,9783;1208,7534
Story06;WL_90;-0,7269;96,1749;3854,9196
Story06;WL_90;361,8399;-798,0168;-1224,8445
Story06;WL_90;361,8399;4383,0102;-1605,2421
Story05;WL_90;-4,8582;127,6314;3344,4372
Story05;WL_90;-4,8582;-31,5912;6902,9031
Story05;WL_90;495,2217;3167,5026;-1346,4639
Story05;WL_90;495,2217;10707,6495;-1548,9342
Story04;WL_90;-10,5996;3,5031;6383,4168
Story04;WL_90;-10,5996;-234,5667;11014,5318
Story04;WL_90;636,7323;9517,6086;-1284,6693
Story04;WL_90;636,7323;19193,2887;-1660,0287
Story03;WL_90;-19,1316;-189,7041;10475,4126
Story03;WL_90;-19,1316;-502,2321;15583,2015
Story03;WL_90;783,7902;17885,2206;-1229,3994
Story03;WL_90;783,7902;29349,7254;-1188,0918
Story02;WL_90;-32,0847;-446,8089;15006,9012
Story02;WL_90;-32,0847;-705,3963;21056,4888
Story02;WL_90;935,8644;28107,5175;-728,7675
Story02;WL_90;935,8644;39230,0079;-636,1428
Story01;WL_90;-64,9011;-308,8968;14856,3246
Story01;WL_90;-64,9011;-665,5959;24690,138
Story01;WL_90;2114,6673;26408,2626;765,627
Story01;WL_90;2114,6673;40768,7451;-57,6
